# Java_1102

## JDBC 

SQL적용하는 프로그램이다. 



![1102_1](https://user-images.githubusercontent.com/83646543/140239609-e0af04a9-bbac-4d62-88a3-1127b042bd20.jpg)


![1102_2](https://user-images.githubusercontent.com/83646543/140239614-b797c25f-e88b-4c6b-9c9f-19c4b004f1ae.jpg)



## 1. CMD

**MySQL 8.0 Command Line Cilent**                 ![1101_cmd](https://user-images.githubusercontent.com/83646543/140239646-14890d6e-75b3-45f6-bfd5-e59d3a47095e.png)
 



![1102_3](https://user-images.githubusercontent.com/83646543/140239660-52896ab7-7751-4daa-b0f0-db3548ca3d62.jpg)

```
pwd > 1234

mysql > show databases;//데이터베이스에 뭐담겨있니?
+--------------------+
| Database           |
+--------------------+
| information_schema |
| mysql              |
| performance_schema |
| sakila             |
| sys                |
| world              |
+--------------------+
6 rows in set (0.07 sec)

mysql> use mysql;   //mysql사용할게
Database changed 

mysql> select * from tab;
ERROR 1146 (42S02): Table 'mysql.tab' doesn't exist 

mysql> select * from table;
ERROR 1064 (42000): You have an error in your SQL syntax; check the manual that corresponds to your MySQL server version for the right syntax to use near 'table' at line 1

mysql> Create database scott;   //데이터베이스 만들기
Query OK, 1 row affected (0.02 sec) 

mysql> use scott;   //scott사용할게
Database changed 

mysql> source C:\miracom_edu\utill\scott.sql  //만들어둔 sql가져올때
Query OK, 0 rows affected, 1 warning (0.30 sec)
Query OK, 0 rows affected, 1 warning (0.04 sec)
Query OK, 4 rows affected (0.02 sec)
Records: 4  Duplicates: 0  Warnings: 0
Query OK, 0 rows affected, 1 warning (0.07 sec)
Query OK, 14 rows affected (0.01 sec)
Records: 14  Duplicates: 0  Warnings: 0
ERROR 1064 (42000): You have an error in your SQL syntax; check the manual that corresponds to your MySQL server version for the right syntax to use near 'NULLempno
) ENGINE=InnoDB DEFAULT CHARSET=utf8' at line 4
ERROR 1146 (42S02): Table 'scott.salgrade' doesn't exist
Query OK, 14 rows affected (0.21 sec)
Records: 14  Duplicates: 0  Warnings: 0

mysql> desc emp;  //table의 구조 
//컬럼|컬럼타입(숫자/날짜/문자)|null값허용여부|키
+----------+-------------+------+-----+---------+-------+
| Field    | Type        | Null | Key | Default | Extra |
+----------+-------------+------+-----+---------+-------+
| EMPNO    | int(11)     | NO   | PRI | NULL    |       | 프라이머리 키 인것은 null값허용이 안된다
| ENAME    | varchar(10) | YES  |     | NULL    |       |
| JOB      | varchar(9)  | YES  |     | NULL    |       |
| MGR      | int(11)     | YES  |     | NULL    |       |
| HIREDATE | datetime    | YES  |     | NULL    |       |
| SAL      | double      | YES  |     | NULL    |       |
| COMM     | double      | YES  |     | NULL    |       |
| DEPTNO   | int(11)     | YES  | MUL | NULL    |       |
+----------+-------------+------+-----+---------+-------+
8 rows in set (0.02 sec)

mysql> desc dept;  //
+--------+-------------+------+-----+---------+-------+
| Field  | Type        | Null | Key | Default | Extra |
+--------+-------------+------+-----+---------+-------+
| DEPTNO | int(11)     | NO   | PRI | NULL    |       |부서번호 null값허용안됨
| DNAME  | varchar(14) | YES  |     | NULL    |       |부서이름
| LOC    | varchar(13) | YES  |     | NULL    |       |부서장소
+--------+-------------+------+-----+---------+-------+
3 rows in set (0.00 sec)


mysql> SELECT * FROM emp;//테이블의 데이터를 다 불러오겠다...SELECT //DB에서 가지고나옴
//컬럼의 프라이머리키가EMPNO
+-------+--------+-----------+------+---------------------+------+------+--------+
  넘버     이름     직업/업무   상사번호  고용일자              임금    보너스  부서번호
| EMPNO | ENAME  | JOB       | MGR  | HIREDATE            | SAL  | COMM | DEPTNO |
+-------+--------+-----------+------+---------------------+------+------+--------+
|  7369 | SMITH  | CLERK     | 7902 | 1980-12-17 00:00:00 |  800 | NULL |     20 |
|  7499 | ALLEN  | SALESMAN  | 7698 | 1981-02-20 00:00:00 | 1600 |  300 |     30 |
|  7521 | WARD   | SALESMAN  | 7698 | 1981-02-22 00:00:00 | 1250 |  500 |     30 |
|  7566 | JONES  | MANAGER   | 7839 | 1981-04-02 00:00:00 | 2975 | NULL |     20 |
|  7654 | MARTIN | SALESMAN  | 7698 | 1981-09-28 00:00:00 | 1250 | 1400 |     30 |
|  7698 | BLAKE  | MANAGER   | 7839 | 1981-05-01 00:00:00 | 2850 | NULL |     30 |
|  7782 | CLARK  | MANAGER   | 7839 | 1981-06-09 00:00:00 | 2450 | NULL |     10 |
|  7788 | SCOTT  | ANALYST   | 7566 | 1987-04-19 00:00:00 | 3000 | NULL |     20 |
|  7839 | KING   | PRESIDENT | NULL | 1981-11-17 00:00:00 | 5000 | NULL |     10 |
|  7844 | TURNER | SALESMAN  | 7698 | 1981-09-08 00:00:00 | 1500 |    0 |     30 |
|  7876 | ADAMS  | CLERK     | 7788 | 1987-05-23 00:00:00 | 1100 | NULL |     20 |
|  7900 | JAMES  | CLERK     | 7698 | 1981-12-03 00:00:00 |  950 | NULL |     30 |
|  7902 | FORD   | ANALYST   | 7566 | 1981-12-03 00:00:00 | 3000 | NULL |     20 |
|  7934 | MILLER | CLERK     | 7782 | 1982-01-23 00:00:00 | 1300 | NULL |     10 |
+-------+--------+-----------+------+---------------------+------+------+--------+
14 rows in set (0.00 sec)


                          NULL은 의미를 갖은 값이다. 1.자격없음 2.미확정 중의 하나의 의미
|  7839 | KING   | PRESIDENT | NULL | 1981-11-17 00:00:00 | 5000 | NULL |     10 |


comm 컬럼의 NULL값은 JOB에서 갈리는데
1. 보너스받는사람들은 영업했다 
2. 0값인애는 영업못했다 
3. NULL인 사람들은 SALESMAN이 아니어서 자격없음 

연봉 랭킹 top3
KING SCOTT FORD

입사년도 가장빠른 사원 SMITH 
연봉 가장 적게받는 사원 SMITH <- 이로서 능력차이로 연봉이 결정된다는 것을 추론할수 있다. 

```





## SELECT문으로 Query문 연습



#### Projection , Selection

```
mysql> SELECT * FROM emp; // emp의 모든 컬럼을 가져옴

mysql> SELECT ename, job, sal, deptno FROM emp; // Projection :: ename, job, sal, deptno 원하는 컬럼값만 가져옴

mysql> SELECT * FROM emp 
    -> WHERE deptno=10; //Selection :: 조건을 부여하여 원하는 row만 모든컬럼과 함께 가져옴
    
```



 Q. emp table에서 업무가 영업사원인 사원을 검색 -> 이때 사원번호, 이름, 업무, 급여만 출력되도록한다.

```
mysql> SELECT empno, ename, job , sal FROM emp
    -> WHERE job='salesman';
+-------+--------+----------+------+
| empno | ename  | job      | sal  |
+-------+--------+----------+------+
|  7499 | ALLEN  | SALESMAN | 1600 |
|  7521 | WARD   | SALESMAN | 1250 |
|  7654 | MARTIN | SALESMAN | 1250 |
|  7844 | TURNER | SALESMAN | 1500 |
+-------+--------+----------+------+
4 rows in set (0.00 sec)
```



Q. emp table에서 총 부서번호 확인 // 중복되어져서 나오고 있다. 

```
mysql> SELECT deptno FROM emp;
+--------+
| deptno |
+--------+
|     10 |
|     10 |
|     10 |
|     20 |
|     20 |
|     20 |
|     20 |
|     20 |
|     30 |
|     30 |
|     30 |
|     30 |
|     30 |
|     30 |
+--------+
14 rows in set (0.00 sec)
```



#### Distinct //중복제거의 키워드

SELECT절 바로 뒤에 나와야한다. 위치중요!

```
mysql> SELECT DISTINCT deptno FROM emp;
+--------+
| deptno |
+--------+
|     10 |
|     20 |
|     30 |
+--------+
3 rows in set (0.00 sec)
```



## SQL 명령어의 종류 (13p):memo:

데이터정의어 DDL : 구조를 생성, 변경, 삭제 등 [CREATE,ALTER,DROP],RENAME



데이터조작어 DML : 데이터 검색 추가 수정 삭제 [SELECT,INSERT, UPDATE, DELETE], MERGE 

 1. INSERT INTO table명 VALUES(0,0,0,0);

 2. DELETE FROM table명 WHERE emono=7786;

    DELETE FROM table명;  // table 의 모든 데이터가 다 삭제...주의!

 3. UPDATE table명 SET sal=2000 WHERE ename='SMITH';

 4. SELECT * FROM table명;  // 모든데이터를 가지고 옴

    SELECT * FROM table명 WHERE deptno=10; //조건에 맞는 데이터 행을 가지고 온다.

데이터제어어 DCL : GRANT,REVOKE



![1102_ddldml](md-images/1102_ddldml.png)



## 2. Workbench

**MySQL Workbench 8.0 CE**                ![워크벤치](https://user-images.githubusercontent.com/83646543/140239685-6bf489eb-1b30-458f-a40e-7e9b142f7f47.png)




주석 `--`을 쓴다

실행하기 `ctrl` +`shift`+ `enter` 

절이 바꿀때마다 `enter ->` 가독력을 높여줌



### Schemas == databases

|      | GUI  Tool click                                    | CMD 명령어              |
| ---- | -------------------------------------------------- | ----------------------- |
| DDL  | 원통모양`+` Name: 스키마이름 `->`Apply `->` Finish | Create Database scott;  |
|      | scott                                              | use scott;              |
| DDL  | custom                                             | Create Database custom; |



### DML

### SELECT (Projection + Selection)

  	Projection : 컬럼명을 직접 지정함, distinct 컬럼 중복을 제거
  	Selection : where 절을 추가해서 원하는 행만 검색, ORDER BY정렬, ALIAS 지정방법



```sql
-- 문제1. EMP 테이블에서 업무가  SALESMAN사원과 사원의 이름이 
-- FORD인 사원의 이름, 업무, 급여를 검색

SELECT ename, job, sal
FROM emp
WHERE job = 'SALESMAN' OR ename='FORD';

-- 문제2. 위 결과에서 SAL값이 점점 높은순으로 출력되도록 결과를 정렬
-- 이때, ORDER BY절이 필요
-- 1) 절의 작성 순서: SELECT -> FROM -> WHERE -> ORDER BY
SELECT ename, job, sal
FROM emp
WHERE job = 'SALESMAN' OR ename='FORD'
ORDER BY sal ASC;

-- 문제3. EMP 테이블에서 , 이름, 월급, 연봉을 출력
-- 이때, 연봉순으로 내림차순정렬(DESC==DECENT)
-- 1. projection 
SELECT ename, sal, sal*12 + comm  -- projection 
FROM emp
ORDER BY sal*12 + comm DESC;
-- 2.  Alias 
SELECT ename, sal, sal*12 + comm as "Annual Salary" -- Alias 
FROM emp
ORDER BY sal*12 + comm DESC;

-- 2-2. Alias whitout `as` 생략가능... 가능하면 뺀다
SELECT ename, sal, sal*12 + comm "Annual Salary" -- Alias whitout `as` 
FROM emp
ORDER BY sal*12 + comm DESC;

-- 2-3. 실제로 쓰는 방법
SELECT ename, sal, sal*12 + comm AnnualSalary -- Alias whitout ` "" ` 
FROM emp
ORDER BY AnnualSalary DESC;

-- 정리 :: 1) 별칭을 지정할때 AS는 굳이 붙이지 않고 생략가능
--        2) 별칭에 " " 을 지정하는 경우는 별칭에 공백이 있을때만 사용
--        3) 한칸 띄고 별칭을 지정가능

-- 3. IfNull() 사용
SELECT ename, sal, sal*12 + ifnull(comm,0) AnnualSalary  
FROM emp
ORDER BY AnnualSalary DESC;
```



heading display 에 컬럼명이 [sal*12 +comm] 기존컬럼에 연산이 적용되면 주로 Alias(별칭)으로 만들어 줌

Q. MySQL에서 가장 값이 낮은 데이터는 ?  

A. NULL값 이다.(최소값)

그러나, Oracle에서는 NULL이 최대값 취급

결론적으로 NULL도 일종의 값이다.



### ALIAS

1) 별칭을 지정할때 AS는 굳이 붙이지 않고 생략가능
2) 별칭에 " " 을 지정하는 경우는 별칭에 공백이 있을때만 사용
3) 한칸 띄고 별칭을 지정가능

```sql
-- 문제3. EMP 테이블에서 , 이름, 월급, 연봉을 출력
-- 이때, 연봉순으로 내림차순정렬(DESC==DECENT)

-- 2-1.  Alias 
SELECT ename, sal, sal*12 + comm as "Annual Salary" -- Alias 
FROM emp
ORDER BY sal*12 + comm DESC;

-- 2-2. Alias whitout `as` 생략가능... 가능하면 뺀다
SELECT ename, sal, sal*12 + comm "Annual Salary" -- Alias whitout `as` 
FROM emp
ORDER BY sal*12 + comm DESC;

-- 2-3. 실제로 쓰는 방법
SELECT ename, sal, sal*12 + comm AnnualSalary -- Alias whitout ` "" ` 
FROM emp
ORDER BY AnnualSalary DESC;
```



### IfNull()

IfNull(comm,0) 

​		comm이 null값이 아니면 그대로 return하고 , comm이 null이면 0으로 치환하라.



Q.왜 연봉이 NULL이 나왔을까? 

A. null값에 대해서 
sql에서 null값은 연산이 적용되지 않는다.
해결-> Null을 숫자로 치환시켜 계산해야한다. IFNULL()

```sql
-- 3. IfNull() 사용
SELECT ename, sal, sal*12 + ifnull(comm,0) AnnualSalary  
FROM emp
ORDER BY AnnualSalary DESC;
```



![커스터머테이블](https://user-images.githubusercontent.com/83646543/140239699-a2f9ec6f-e6a3-4f22-8232-5a27e3aebd4e.jpg)


custom DDL + DML

```
mysql> CREATE TABLE custom(
    -> num int primary key,
    -> name varchar(20) not null,
    -> addr varchar(100) not null);
Query OK, 0 rows affected (0.07 sec)

mysql> desc custom;
+-------+--------------+------+-----+---------+-------+
| Field | Type         | Null | Key | Default | Extra |
+-------+--------------+------+-----+---------+-------+
| num   | int(11)      | NO   | PRI | NULL    |       |
| name  | varchar(20)  | NO   |     | NULL    |       |
| addr  | varchar(100) | NO   |     | NULL    |       |
+-------+--------------+------+-----+---------+-------+
3 rows in set (0.01 sec)

mysql> SELECT num,name,addr FROM custom;
Empty set (0.00 sec)

mysql> INSERT INTO custom (num, name, addr) VALUES(111,'JAMES','NY');
Query OK, 1 row affected (0.00 sec)

mysql> INSERT INTO custom (num, name, addr) VALUES(222,'JANE','Texas');
Query OK, 1 row affected (0.01 sec)

mysql> SELECT * FROM custom;
+-----+-------+-------+
| num | name  | addr  |
+-----+-------+-------+
| 111 | JAMES | NY    |
| 222 | JANE  | Texas |
+-----+-------+-------+
2 rows in set (0.00 sec)

mysql> UPDATE custom SET addr = 'NY' WHERE num=222;
Query OK, 1 row affected (0.01 sec)
Rows matched: 1  Changed: 1  Warnings: 0

mysql> SELECT * FROM custom;
+-----+-------+------+
| num | name  | addr |
+-----+-------+------+
| 111 | JAMES | NY   |
| 222 | JANE  | NY   |
+-----+-------+------+
2 rows in set (0.00 sec)

mysql> DELETE FROM custom WHERE num =222;
Query OK, 1 row affected (0.00 sec)

mysql> SELECT * FROM custom;
+-----+-------+------+
| num | name  | addr |
+-----+-------+------+
| 111 | JAMES | NY   |
+-----+-------+------+
1 row in set (0.00 sec)
```





------------

# jdbcWorkspace

C:\Program Files (x86)\MySQL\Connector J 8.0 에 드라이버 있다.

**드라이버** :: com.mysql.cj.jdbc.Driver

Fully Qualified Class Name을 넣어줘야 컴퓨터는 알아들을 수 있다. 



Default class 잡는 방식

:heavy_check_mark:C:\Program Files\Java\jdk1.8.0_301\jre\lib\ext 여기에 mysql-connector-java-8.0.15.jar파일 복붙

:heavy_check_mark:C:\Program Files\Java\jre1.8.0_311\lib\ext 여기에 mysql-connector-java-8.0.15.jar파일 복붙



### Connection

![dml](https://user-images.githubusercontent.com/83646543/140239715-fc96d8a4-1dc8-460d-8a6b-f9b3fafd8be5.png)


#### DBConnectionTest

jdbc01_DBConnection > jdbc.test1 >DBConnectionTest.java

```java
package jdbc.test1;

import java.sql.Connection;
import java.sql.DriverManager;
import java.sql.PreparedStatement;
import java.sql.SQLException;

/*
 * JDBC의 4단계
 * 
 * 1. 드라이버 로딩
 * 2. DB 서버 연결
 * 3. PreparedStatement생성
 * 4. 쿼리문 실행
 * 
 */

public class DBConnectionTest {
	DBConnectionTest(){
		
		try {
			//1. 드라이버 로딩...Fully Qualified Class Name
			Class.forName("com.mysql.cj.jdbc.Driver");
			System.out.println("1. 드라이버 로딩 성공....");
			
			
			//2. 디비 서버 연결
			String url = "jdbc:mysql://127.0.0.1:3306/scott?serverTimezone=UTC&useUnicode=yes&characterEncoding=UTF-8";
			Connection conn = DriverManager.getConnection(url,"root","1234");
			System.out.println("2. 서버 연결 성공....");
			
			//3. PreparedStatement 객체 생성
			String query = "INSERT INTO custom(num, name, addr) VALUES(?,?,?)";
			PreparedStatement ps = conn.prepareStatement(query);
			System.out.println("3. PreparedStatement 객체 생성...");
			
			//4. ? 값에 대한 바인딩 후 쿼리문 실행 --> 첫번쨰 물음표 1 두번째 물음표2 세번째 물음표 3 1?,2?,3? 데이터타입을 잘 지켜라
			ps.setInt(1, 111); //바인딩setter
			ps.setString(2, "김주희"); 
			ps.setString(3, "행신동"); 
			
			ps.executeUpdate();
			System.out.println("4. 쿼리문이 실행되었습니다...");
			
			
		} catch (ClassNotFoundException e) {
			System.out.println("드라이버 로딩 실패....");
		} catch(SQLException e) {
			System.out.println("서버 연결 실패....");
		}		
		
	}
	
	public static void main(String[] args) {		
		new DBConnectionTest();
	}
}
```

결과

```
1. 드라이버 로딩 성공....
2. 서버 연결 성공....
3. PreparedStatement 객체 생성...
4. 쿼리문이 실행되었습니다...
```

cmd

```
mysql> use scott;
Database changed

mysql> select * from custom;
+-----+-------+------+
| num | name  | addr |
+-----+-------+------+
| 111 | JAMES | NY   |
+-----+-------+------+
1 row in set (0.00 sec)

mysql> select * from custom; // <- DBConnectionTest실행되서 "김주희" 추가된 것 확인완료
+-----+--------+--------+
| num | name   | addr   |
+-----+--------+--------+
| 111 | JAMES  | NY     |
| 222 | 김주희 | 행신동 |
+-----+--------+--------+
2 rows in set (0.00 sec)

```



### UPDATE

jdbc01_DBConnection > jdbc.test1 >DBConnectionTest.java

```
package jdbc.test1;

import java.sql.Connection;
import java.sql.DriverManager;
import java.sql.PreparedStatement;
import java.sql.SQLException;

/*
 * JDBC의 4단계
 * 
 * 1. 드라이버 로딩
 * 2. DB 서버 연결
 * 3. PreparedStatement생성
 * 4. 쿼리문 실행
 * 
 */

public class DBConnectionTest {
	DBConnectionTest(){
		
		try {
			//1. 드라이버 로딩...Fully Qualified Class Name
			Class.forName("com.mysql.cj.jdbc.Driver");
			System.out.println("1. 드라이버 로딩 성공....");
			
			
			//2. 디비 서버 연결
			String url = "jdbc:mysql://127.0.0.1:3306/scott?serverTimezone=UTC&useUnicode=yes&characterEncoding=UTF-8";
			Connection conn = DriverManager.getConnection(url,"root","1234");
			System.out.println("2. 서버 연결 성공....");
			
			//중요!! 기본키는 절대로 수정의 대상이 될수 없다.
			String query ="UPDATE custom SET name=?, addr=? WHERE num=?"; //첫번째name 두번쨰 addr 
			PreparedStatement ps = conn.prepareStatement(query);
			System.out.println("3. PreparedStatement 객체생성...");
			
			ps.setString(1, "김주희");
			ps.setString(2, "행당동");
			ps.setInt(3, 222);
			
			int row= ps.executeUpdate();
			System.out.println(row + "row update ok...");
			
		} catch (ClassNotFoundException e) {
			System.out.println("드라이버 로딩 실패....");
		} catch(SQLException e) {
			System.out.println("서버 연결 실패....");
		}		
		
	}
	
	public static void main(String[] args) {		
		new DBConnectionTest();
	}
}



```

 cmd

```
mysql> select * from custom;
+-----+--------+--------+
| num | name   | addr   |
+-----+--------+--------+
| 111 | JAMES  | NY     |
| 222 | 김주희 | 행당동 |
+-----+--------+--------+
2 rows in set (0.00 sec)
```



### DELETE

```java
package jdbc.test1;

import java.sql.Connection;
import java.sql.DriverManager;
import java.sql.PreparedStatement;
import java.sql.SQLException;


public class DBConnectionTest {
	DBConnectionTest(){
		
		try {
			//1. 드라이버 로딩...Fully Qualified Class Name
			Class.forName("com.mysql.cj.jdbc.Driver");
			System.out.println("1. 드라이버 로딩 성공....");
			
			
			//2. 디비 서버 연결
			String url = "jdbc:mysql://127.0.0.1:3306/scott?serverTimezone=UTC&useUnicode=yes&characterEncoding=UTF-8";
			Connection conn = DriverManager.getConnection(url,"root","1234");
			System.out.println("2. 서버 연결 성공....");
					
			String query = "DELETE FROM custom WHERE num=?";
			PreparedStatement ps = conn.prepareStatement(query);
			
			ps.setInt(1,222);
			int row= ps.executeUpdate();
			System.out.println(row + "row DELETE ok...");
			
		} catch (ClassNotFoundException e) {
			System.out.println("드라이버 로딩 실패....");
		} catch(SQLException e) {
			System.out.println("서버 연결 실패....");
		}		
		
	}
	
	public static void main(String[] args) {		
		new DBConnectionTest();
	}
}

```

cmd

```
mysql> select * from custom;
+-----+-------+------+
| num | name  | addr |
+-----+-------+------+
| 111 | JAMES | NY   |
+-----+-------+------+
1 row in set (0.00 sec)
```


![리조트센](https://user-images.githubusercontent.com/83646543/140239744-ba8717a2-3752-4e06-9e79-12bba773c7af.jpg)



### SELECT(추가 222,333,444 하고서)

```java
package jdbc.test1;

import java.sql.Connection;
import java.sql.DriverManager;
import java.sql.PreparedStatement;
import java.sql.ResultSet;
import java.sql.SQLException;


public class DBConnectionTest {
	DBConnectionTest(){
		
		try {
			//1. 드라이버 로딩...Fully Qualified Class Name
			Class.forName("com.mysql.cj.jdbc.Driver");
			System.out.println("1. 드라이버 로딩 성공....");
			
			
			//2. 디비 서버 연결
			String url = "jdbc:mysql://127.0.0.1:3306/scott?serverTimezone=UTC&useUnicode=yes&characterEncoding=UTF-8";
			Connection conn = DriverManager.getConnection(url,"root","1234");
			System.out.println("2. 서버 연결 성공....");
			
//			//3. PreparedStatement 객체 생성
//			String query = "INSERT INTO custom(num, name, addr) VALUES(?,?,?)";
//			PreparedStatement ps = conn.prepareStatement(query);
//			System.out.println("3. PreparedStatement 객체 생성...");
//			
//			//4. ? 값에 대한 바인딩 후 쿼리문 실행 --> 첫번쨰 물음표 1 두번째 물음표2 세번째 물음표 3 1?,2?,3? 데이터타입을 잘 지켜라
//			ps.setInt(1, 444); //바인딩setter
//			ps.setString(2, "한번더"); 
//			ps.setString(3, "됫나요"); 
//			
//			ps.executeUpdate();
//			System.out.println("4. 쿼리문이 실행되었습니다...");

			
			String query = "SELECT * FROM custom";
			PreparedStatement ps = conn.prepareStatement(query);
			ResultSet rs = ps.executeQuery();
			while(rs.next()) {//BOE에서 엘리먼트가 들어있는 곳으로 한단계 내려간다 
				int num = rs.getInt("num"); //컬럼명 혹은 1
				String name = rs.getString("name");
				String addr = rs.getString("addr");
				System.out.println(num + name + addr);
				
			}
			
		} catch (ClassNotFoundException e) {
			System.out.println("드라이버 로딩 실패....");
		} catch(SQLException e) {
			System.out.println("서버 연결 실패....");
		}		
		
	}
	
	public static void main(String[] args) {		
		new DBConnectionTest();
	}
}



```

cmd

```
mysql> select * from custom;
+-----+--------+--------+
| num | name   | addr   |
+-----+--------+--------+
| 111 | JAMES  | NY     |
| 222 | ju     | 행신   |
| 333 | tom    | ny     |
| 444 | 한번더 | 됫나요 |
+-----+--------+--------+
4 rows in set (0.00 sec)
```

